{
    "version":  "1.2.0",
    "release_date":  "2025-11-27T10:57:56Z",
    "html_package_url":  "https://github.com/javeedin/graysWMSwebviewnew/releases/download/v1.2.0/wms-webview-html-1.2.0.zip",
    "exe_url":  "",
    "changelog_url":  "https://github.com/javeedin/graysWMSwebviewnew/releases/tag/v1.2.0",
    "changelog":  "Major Feature: MRA (Mauritius Revenue Authority) Interface - Automated invoice submission from Trip Details with 6-step processing workflow, real-time progress tracking, and comprehensive validation. Includes new C# backend classes (MRAProcessor, FusionReportRunner, MRAModels) and JavaScript UI with WebView2 bridge integration."
}
